<?xml version="1.0" encoding="UTF-8" ?>
<document>
<!--The data in this file is primarily intended for consumption by Xilinx tools.
The structure and the elements are likely to change over the next few releases.
This means code written to parse this file will need to be revisited each subsequent release.-->
<application name="pn" timeStamp="Thu May 12 20:58:41 2016">
<section name="Project Information" visible="false">
<property name="ProjectID" value="6324C71580594DB68342728BC94E4B44" type="project"/>
<property name="ProjectIteration" value="0" type="project"/>
<property name="ProjectFile" value="F:/UPCT/2/2ndHalf/SISTEMAS BASADOS EN MICROPROOCESADORES/VHDL/Practica 1/ALU/ALU.xise" type="project"/>
<property name="ProjectCreationTimestamp" value="2016-05-12T19:15:49" type="project"/>
</section>
<section name="Project Statistics" visible="true">
<property name="PROP_Enable_Message_Filtering" value="false" type="design"/>
<property name="PROP_FitterReportFormat" value="HTML" type="process"/>
<property name="PROP_LastAppliedGoal" value="Balanced" type="design"/>
<property name="PROP_LastAppliedStrategy" value="Xilinx Default (unlocked)" type="design"/>
<property name="PROP_ManualCompileOrderImp" value="false" type="design"/>
<property name="PROP_PropSpecInProjFile" value="Store all values" type="design"/>
<property name="PROP_Simulator" value="ISim (VHDL/Verilog)" type="design"/>
<property name="PROP_SynthTopFile" value="changed" type="process"/>
<property name="PROP_Top_Level_Module_Type" value="HDL" type="design"/>
<property name="PROP_UseSmartGuide" value="false" type="design"/>
<property name="PROP_UserConstraintEditorPreference" value="Constraints Editor" type="process"/>
<property name="PROP_intProjectCreationTimestamp" value="2016-05-12T19:15:49" type="design"/>
<property name="PROP_intWbtProjectID" value="6324C71580594DB68342728BC94E4B44" type="design"/>
<property name="PROP_intWorkingDirLocWRTProjDir" value="Same" type="design"/>
<property name="PROP_intWorkingDirUsed" value="No" type="design"/>
<property name="PROP_AutoTop" value="true" type="design"/>
<property name="PROP_DevFamily" value="Spartan3" type="design"/>
<property name="PROP_DevDevice" value="xc3s400" type="design"/>
<property name="PROP_DevFamilyPMName" value="spartan3" type="design"/>
<property name="PROP_DevPackage" value="ft256" type="design"/>
<property name="PROP_Synthesis_Tool" value="XST (VHDL/Verilog)" type="design"/>
<property name="PROP_DevSpeed" value="-4" type="design"/>
<property name="PROP_PreferredLanguage" value="VHDL" type="design"/>
<property name="FILE_VHDL" value="1" type="source"/>
</section>
</application>
</document>
